<?xml version="1.0" encoding="UTF-8" ?>
<dataConfig>
    <dataSource name="ds-1" type="JdbcDataSource" driver="com.mysql.jdbc.Driver" url="jdbc:mysql://192.168.3.190:3306/geo"
                user="root" password="sasa"/>
    <document>
        <!--<entity name="user_info" dataSource="ds-1" query="select 	user_id AS 'id',CONCAT(Latitude,',',longitude) as locations from hl_user_info where Latitude <> '' limit 1000">-->
        <entity name="location_item" dataSource="ds-1" query="select id,location from hl_user_info_copy">
            <!--<field column="user_id" name="user_id"/>-->
            <field column="id" name="id"/>
            <field column="location" name="location"/>
            <!--<field column="LOCATIONS" name="locations"/>-->
        </entity>
    </document>
</dataConfig>
