<?xml version="1.0" encoding="UTF-8"?>
<!-- Solr managed schema - automatically generated - DO NOT EDIT -->
<schema name="example-data-driven-schema" version="1.6">
    <uniqueKey>location</uniqueKey>
    <fieldType name="binary" class="solr.BinaryField"/>
    <fieldType name="boolean" class="solr.BoolField" sortMissingLast="true"/>
    <fieldType name="booleans" class="solr.BoolField" sortMissingLast="true" multiValued="true"/>
    <fieldType name="date" class="solr.TrieDateField" positionIncrementGap="0" docValues="true" precisionStep="0"/>
    <fieldType name="dates" class="solr.TrieDateField" positionIncrementGap="0" docValues="true" multiValued="true"
               precisionStep="0"/>
    <fieldType name="double" class="solr.TrieDoubleField" positionIncrementGap="0" docValues="true" precisionStep="0"/>
    <fieldType name="doubles" class="solr.TrieDoubleField" positionIncrementGap="0" docValues="true" multiValued="true"
               precisionStep="0"/>
    <fieldType name="float" class="solr.TrieFloatField" positionIncrementGap="0" docValues="true" precisionStep="0"/>
    <fieldType name="floats" class="solr.TrieFloatField" positionIncrementGap="0" docValues="true" multiValued="true"
               precisionStep="0"/>
    <fieldType name="int" class="solr.TrieIntField" positionIncrementGap="0" docValues="true" precisionStep="0"/>
    <fieldType name="ints" class="solr.TrieIntField" positionIncrementGap="0" docValues="true" multiValued="true"
               precisionStep="0"/>
    <!--<fieldType name="location" class="solr.SpatialRecursivePrefixTreeFieldType" geo="true" maxDistErr="0.000009" distErrPct="0.025" distanceUnits="degrees"/>-->

    <!--<fieldType name="location" class="solr.LatLonType" geo="false" maxDistErr="0.000009" distErrPct="0.025" distanceUnits="degrees"/>-->
    <fieldType name="location" class="solr.SpatialRecursivePrefixTreeFieldType"  geo="true" distanceUnits="kilometers" />

    <fieldType name="long" class="solr.TrieLongField" positionIncrementGap="0" docValues="true" precisionStep="0"/>
    <fieldType name="longs" class="solr.TrieLongField" positionIncrementGap="0" docValues="true" multiValued="true"
               precisionStep="0"/>
    <fieldType name="pdate" class="solr.DatePointField" docValues="true"/>
    <fieldType name="pdates" class="solr.DatePointField" docValues="true" multiValued="true"/>
    <fieldType name="pdouble" class="solr.DoublePointField" docValues="true"/>
    <fieldType name="pdoubles" class="solr.DoublePointField" docValues="true" multiValued="true"/>
    <fieldType name="pfloat" class="solr.FloatPointField" docValues="true"/>
    <fieldType name="pfloats" class="solr.FloatPointField" docValues="true" multiValued="true"/>
    <fieldType name="pint" class="solr.IntPointField" docValues="true"/>
    <fieldType name="pints" class="solr.IntPointField" docValues="true" multiValued="true"/>
    <fieldType name="plong" class="solr.LongPointField" docValues="true"/>
    <fieldType name="plongs" class="solr.LongPointField" docValues="true" multiValued="true"/>
    <fieldType name="random" class="solr.RandomSortField" indexed="true"/>
    <fieldType name="string" class="solr.StrField" sortMissingLast="true" docValues="true"/>
    <fieldType name="strings" class="solr.StrField" sortMissingLast="true" docValues="true" multiValued="true"/>
    <fieldType name="tdate" class="solr.TrieDateField" positionIncrementGap="0" docValues="true" precisionStep="6"/>
    <fieldType name="tdates" class="solr.TrieDateField" positionIncrementGap="0" docValues="true" multiValued="true"
               precisionStep="6"/>
    <fieldType name="tdouble" class="solr.TrieDoubleField" positionIncrementGap="0" docValues="true" precisionStep="8"/>
    <fieldType name="tdoubles" class="solr.TrieDoubleField" positionIncrementGap="0" docValues="true" multiValued="true"
               precisionStep="8"/>
    <fieldType name="tfloat" class="solr.TrieFloatField" positionIncrementGap="0" docValues="true" precisionStep="8"/>
    <fieldType name="tfloats" class="solr.TrieFloatField" positionIncrementGap="0" docValues="true" multiValued="true"
               precisionStep="8"/>
    <fieldType name="tint" class="solr.TrieIntField" positionIncrementGap="0" docValues="true" precisionStep="8"/>
    <fieldType name="tints" class="solr.TrieIntField" positionIncrementGap="0" docValues="true" multiValued="true"
               precisionStep="8"/>
    <fieldType name="tlong" class="solr.TrieLongField" positionIncrementGap="0" docValues="true" precisionStep="8"/>
    <fieldType name="tlongs" class="solr.TrieLongField" positionIncrementGap="0" docValues="true" multiValued="true"
               precisionStep="8"/>
    <field name="_root_" type="string" docValues="false" indexed="true" stored="false"/>
    <field name="_version_" type="long" indexed="false" stored="false"/>


    <field name="location" type="location" multiValued="false" indexed="true" required="true" stored="true"/>

    <!--<field name="name" type="strings"/>-->
    <!--<field name="price" type="tlongs"/>-->
    <field name="id" type="long" multiValued="false" indexed="true" required="true" stored="true"/>
</schema>