<?xml version="1.0" encoding="UTF-8" ?>
<config>
    <luceneMatchVersion>6.5.1</luceneMatchVersion>

    <lib dir="${solr.install.dir:../../../..}/contrib/extraction/lib" regex=".*\.jar"/>
    <lib dir="${solr.install.dir:../../../..}/dist/" regex="solr-cell-\d.*\.jar"/>

    <lib dir="${solr.install.dir:../../../..}/contrib/clustering/lib/" regex=".*\.jar"/>
    <lib dir="${solr.install.dir:../../../..}/dist/" regex="solr-clustering-\d.*\.jar"/>

    <lib dir="${solr.install.dir:../../../..}/contrib/langid/lib/" regex=".*\.jar"/>
    <lib dir="${solr.install.dir:../../../..}/dist/" regex="solr-langid-\d.*\.jar"/>

    <lib dir="${solr.install.dir:../../../..}/contrib/velocity/lib" regex=".*\.jar"/>
    <lib dir="${solr.install.dir:../../../..}/dist/" regex="solr-velocity-\d.*\.jar"/>


    <!--自定义-->
    <lib dir="${solr.install.dir:../../../..}/contrib/dataimporthandler-extras/lib/" regex=".*\.jar"/>
    <lib dir="${solr.install.dir:../../../..}/dist/" regex="solr-dataimporthandler-\d.*\.jar"/>


    <dataDir>${solr.data.dir:}</dataDir>


    <directoryFactory name="DirectoryFactory" class="${solr.directoryFactory:solr.NRTCachingDirectoryFactory}"/>

    <codecFactory class="solr.SchemaCodecFactory"/>

    <indexConfig>
        <lockType>${solr.lock.type:native}</lockType>

    </indexConfig>

    <jmx/>
    <updateHandler class="solr.DirectUpdateHandler2">
        <updateLog>
            <str name="dir">${solr.ulog.dir:}</str>
            <int name="numVersionBuckets">${solr.ulog.numVersionBuckets:65536}</int>
        </updateLog>

        <autoCommit>
            <maxTime>${solr.autoCommit.maxTime:15000}</maxTime>
            <openSearcher>false</openSearcher>
        </autoCommit>

        <autoSoftCommit>
            <maxTime>${solr.autoSoftCommit.maxTime:-1}</maxTime>
        </autoSoftCommit>

    </updateHandler>

    <query>
        <maxBooleanClauses>1024</maxBooleanClauses>
        <filterCache class="solr.FastLRUCache" size="512" initialSize="512" autowarmCount="0"/>

        <queryResultCache class="solr.LRUCache" size="512" initialSize="512" autowarmCount="0"/>

        <documentCache class="solr.LRUCache" size="512" initialSize="512" autowarmCount="0"/>

        <cache name="perSegFilter" class="solr.search.LRUCache" size="10" initialSize="0" autowarmCount="10"
               regenerator="solr.NoOpRegenerator"/>

        <enableLazyFieldLoading>true</enableLazyFieldLoading>
        <queryResultWindowSize>20</queryResultWindowSize>

        <queryResultMaxDocsCached>200</queryResultMaxDocsCached>
        <listener event="newSearcher" class="solr.QuerySenderListener">
            <arr name="queries">
            </arr>
        </listener>
        <listener event="firstSearcher" class="solr.QuerySenderListener">
            <arr name="queries">
            </arr>
        </listener>
        <useColdSearcher>false</useColdSearcher>
    </query>


    <requestDispatcher handleSelect="false">
        <requestParsers enableRemoteStreaming="true"
                        multipartUploadLimitInKB="2048000"
                        formdataUploadLimitInKB="2048"
                        addHttpRequestToContext="false"/>

        <!-- HTTP Caching

             Set HTTP caching related parameters (for proxy caches and clients).

             The options below instruct Solr not to output any HTTP Caching
             related headers
          -->
        <httpCaching never304="true"/>

    </requestDispatcher>

    <requestHandler name="/select" class="solr.SearchHandler">
        <!-- default values for query parameters can be specified, these
             will be overridden by parameters in the request
          -->
        <lst name="defaults">
            <str name="echoParams">explicit</str>
            <int name="rows">10</int>
            <!-- <str name="df">text</str> -->
        </lst>

    </requestHandler>

    <!--自定义-->
    <requestHandler name="/dataimport" class="org.apache.solr.handler.dataimport.DataImportHandler">
        <lst name="defaults">
            <str name="config">db-data-config.xml</str>
        </lst>
    </requestHandler>


    <!-- A request handler that returns indented JSON by default -->
    <requestHandler name="/query" class="solr.SearchHandler">
        <lst name="defaults">
            <str name="echoParams">explicit</str>
            <str name="wt">json</str>
            <str name="indent">true</str>
        </lst>
    </requestHandler>

    <requestHandler name="/browse" class="solr.SearchHandler" useParams="query,facets,velocity,browse">
        <lst name="defaults">
            <str name="echoParams">explicit</str>
        </lst>
    </requestHandler>

    <initParams path="/update/**,/query,/select,/tvrh,/elevate,/spell,/browse">
        <lst name="defaults">
            <str name="df">_text_</str>
        </lst>
    </initParams>

    <initParams path="/update/**">
        <lst name="defaults">
            <str name="update.chain">add-unknown-fields-to-the-schema</str>
        </lst>
    </initParams>

    <!-- Solr Cell Update Request Handler

         http://wiki.apache.org/solr/ExtractingRequestHandler

      -->
    <requestHandler name="/update/extract"
                    startup="lazy"
                    class="solr.extraction.ExtractingRequestHandler">
        <lst name="defaults">
            <str name="lowernames">true</str>
            <str name="fmap.meta">ignored_</str>
            <str name="fmap.content">_text_</str>
        </lst>
    </requestHandler>

    <searchComponent name="spellcheck" class="solr.SpellCheckComponent">

        <str name="queryAnalyzerFieldType">text_general</str>

        <!-- Multiple "Spell Checkers" can be declared and used by this
             component
          -->

        <!-- a spellchecker built from a field of the main index -->
        <lst name="spellchecker">
            <str name="name">default</str>
            <str name="field">_text_</str>
            <str name="classname">solr.DirectSolrSpellChecker</str>
            <!-- the spellcheck distance measure used, the default is the internal levenshtein -->
            <str name="distanceMeasure">internal</str>
            <!-- minimum accuracy needed to be considered a valid spellcheck suggestion -->
            <float name="accuracy">0.5</float>
            <!-- the maximum #edits we consider when enumerating terms: can be 1 or 2 -->
            <int name="maxEdits">2</int>
            <!-- the minimum shared prefix when enumerating terms -->
            <int name="minPrefix">1</int>
            <!-- maximum number of inspections per result. -->
            <int name="maxInspections">5</int>
            <!-- minimum length of a query term to be considered for correction -->
            <int name="minQueryLength">4</int>
            <!-- maximum threshold of documents a query term can appear to be considered for correction -->
            <float name="maxQueryFrequency">0.01</float>
            <!-- uncomment this to require suggestions to occur in 1% of the documents
              <float name="thresholdTokenFrequency">.01</float>
            -->
        </lst>

    </searchComponent>

    <requestHandler name="/spell" class="solr.SearchHandler" startup="lazy">
        <lst name="defaults">
            <!-- Solr will use suggestions from both the 'default' spellchecker
                 and from the 'wordbreak' spellchecker and combine them.
                 collations (re-written queries) can include a combination of
                 corrections from both spellcheckers -->
            <str name="spellcheck.dictionary">default</str>
            <str name="spellcheck">on</str>
            <str name="spellcheck.extendedResults">true</str>
            <str name="spellcheck.count">10</str>
            <str name="spellcheck.alternativeTermCount">5</str>
            <str name="spellcheck.maxResultsForSuggest">5</str>
            <str name="spellcheck.collate">true</str>
            <str name="spellcheck.collateExtendedResults">true</str>
            <str name="spellcheck.maxCollationTries">10</str>
            <str name="spellcheck.maxCollations">5</str>
        </lst>
        <arr name="last-components">
            <str>spellcheck</str>
        </arr>
    </requestHandler>

    <!-- Term Vector Component

         http://wiki.apache.org/solr/TermVectorComponent
      -->
    <searchComponent name="tvComponent" class="solr.TermVectorComponent"/>

    <!-- A request handler for demonstrating the term vector component

         This is purely as an example.

         In reality you will likely want to add the component to your
         already specified request handlers.
      -->
    <requestHandler name="/tvrh" class="solr.SearchHandler" startup="lazy">
        <lst name="defaults">
            <bool name="tv">true</bool>
        </lst>
        <arr name="last-components">
            <str>tvComponent</str>
        </arr>
    </requestHandler>

    <!-- Clustering Component. (Omitted here. See the default Solr example for a typical configuration.) -->

    <!-- Terms Component

         http://wiki.apache.org/solr/TermsComponent

         A component to return terms and document frequency of those
         terms
      -->
    <searchComponent name="terms" class="solr.TermsComponent"/>

    <!-- A request handler for demonstrating the terms component -->
    <requestHandler name="/terms" class="solr.SearchHandler" startup="lazy">
        <lst name="defaults">
            <bool name="terms">true</bool>
            <bool name="distrib">false</bool>
        </lst>
        <arr name="components">
            <str>terms</str>
        </arr>
    </requestHandler>

    <searchComponent name="elevator" class="solr.QueryElevationComponent">
        <!-- pick a fieldType to analyze queries -->
        <str name="queryFieldType">string</str>
        <str name="config-file">elevate.xml</str>
    </searchComponent>

    <!-- A request handler for demonstrating the elevator component -->
    <requestHandler name="/elevate" class="solr.SearchHandler" startup="lazy">
        <lst name="defaults">
            <str name="echoParams">explicit</str>
        </lst>
        <arr name="last-components">
            <str>elevator</str>
        </arr>
    </requestHandler>

    <!-- Highlighting Component

         http://wiki.apache.org/solr/HighlightingParameters
      -->
    <searchComponent class="solr.HighlightComponent" name="highlight">
        <highlighting>
            <!-- Configure the standard fragmenter -->
            <!-- This could most likely be commented out in the "default" case -->
            <fragmenter name="gap"
                        default="true"
                        class="solr.highlight.GapFragmenter">
                <lst name="defaults">
                    <int name="hl.fragsize">100</int>
                </lst>
            </fragmenter>

            <!-- A regular-expression-based fragmenter
                 (for sentence extraction)
              -->
            <fragmenter name="regex"
                        class="solr.highlight.RegexFragmenter">
                <lst name="defaults">
                    <!-- slightly smaller fragsizes work better because of slop -->
                    <int name="hl.fragsize">70</int>
                    <!-- allow 50% slop on fragment sizes -->
                    <float name="hl.regex.slop">0.5</float>
                    <!-- a basic sentence pattern -->
                    <str name="hl.regex.pattern">[-\w ,/\n\&quot;&apos;]{20,200}</str>
                </lst>
            </fragmenter>

            <!-- Configure the standard formatter -->
            <formatter name="html"
                       default="true"
                       class="solr.highlight.HtmlFormatter">
                <lst name="defaults">
                    <str name="hl.simple.pre"><![CDATA[<em>]]></str>
                    <str name="hl.simple.post"><![CDATA[</em>]]></str>
                </lst>
            </formatter>

            <!-- Configure the standard encoder -->
            <encoder name="html"
                     class="solr.highlight.HtmlEncoder"/>

            <!-- Configure the standard fragListBuilder -->
            <fragListBuilder name="simple"
                             class="solr.highlight.SimpleFragListBuilder"/>

            <!-- Configure the single fragListBuilder -->
            <fragListBuilder name="single"
                             class="solr.highlight.SingleFragListBuilder"/>

            <!-- Configure the weighted fragListBuilder -->
            <fragListBuilder name="weighted"
                             default="true"
                             class="solr.highlight.WeightedFragListBuilder"/>

            <!-- default tag FragmentsBuilder -->
            <fragmentsBuilder name="default"
                              default="true"
                              class="solr.highlight.ScoreOrderFragmentsBuilder">
                <!--
                <lst name="defaults">
                  <str name="hl.multiValuedSeparatorChar">/</str>
                </lst>
                -->
            </fragmentsBuilder>

            <!-- multi-colored tag FragmentsBuilder -->
            <fragmentsBuilder name="colored"
                              class="solr.highlight.ScoreOrderFragmentsBuilder">
                <lst name="defaults">
                    <str name="hl.tag.pre"><![CDATA[
               <b style="background:yellow">,<b style="background:lawgreen">,
               <b style="background:aquamarine">,<b style="background:magenta">,
               <b style="background:palegreen">,<b style="background:coral">,
               <b style="background:wheat">,<b style="background:khaki">,
               <b style="background:lime">,<b style="background:deepskyblue">]]></str>
                    <str name="hl.tag.post"><![CDATA[</b>]]></str>
                </lst>
            </fragmentsBuilder>

            <boundaryScanner name="default"
                             default="true"
                             class="solr.highlight.SimpleBoundaryScanner">
                <lst name="defaults">
                    <str name="hl.bs.maxScan">10</str>
                    <str name="hl.bs.chars">.,!? &#9;&#10;&#13;</str>
                </lst>
            </boundaryScanner>

            <boundaryScanner name="breakIterator"
                             class="solr.highlight.BreakIteratorBoundaryScanner">
                <lst name="defaults">
                    <!-- type should be one of CHARACTER, WORD(default), LINE and SENTENCE -->
                    <str name="hl.bs.type">WORD</str>
                    <!-- language and country are used when constructing Locale object.  -->
                    <!-- And the Locale object will be used when getting instance of BreakIterator -->
                    <str name="hl.bs.language">en</str>
                    <str name="hl.bs.country">US</str>
                </lst>
            </boundaryScanner>
        </highlighting>
    </searchComponent>

    <updateRequestProcessorChain name="add-unknown-fields-to-the-schema">
        <!-- UUIDUpdateProcessorFactory will generate an id if none is present in the incoming document -->
        <processor class="solr.UUIDUpdateProcessorFactory"/>
        <processor class="solr.RemoveBlankFieldUpdateProcessorFactory"/>
        <processor class="solr.FieldNameMutatingUpdateProcessorFactory">
            <str name="pattern">[^\w-\.]</str>
            <str name="replacement">_</str>
        </processor>
        <processor class="solr.ParseBooleanFieldUpdateProcessorFactory"/>
        <processor class="solr.ParseLongFieldUpdateProcessorFactory"/>
        <processor class="solr.ParseDoubleFieldUpdateProcessorFactory"/>
        <processor class="solr.ParseDateFieldUpdateProcessorFactory">
            <arr name="format">
                <str>yyyy-MM-dd'T'HH:mm:ss.SSSZ</str>
                <str>yyyy-MM-dd'T'HH:mm:ss,SSSZ</str>
                <str>yyyy-MM-dd'T'HH:mm:ss.SSS</str>
                <str>yyyy-MM-dd'T'HH:mm:ss,SSS</str>
                <str>yyyy-MM-dd'T'HH:mm:ssZ</str>
                <str>yyyy-MM-dd'T'HH:mm:ss</str>
                <str>yyyy-MM-dd'T'HH:mmZ</str>
                <str>yyyy-MM-dd'T'HH:mm</str>
                <str>yyyy-MM-dd HH:mm:ss.SSSZ</str>
                <str>yyyy-MM-dd HH:mm:ss,SSSZ</str>
                <str>yyyy-MM-dd HH:mm:ss.SSS</str>
                <str>yyyy-MM-dd HH:mm:ss,SSS</str>
                <str>yyyy-MM-dd HH:mm:ssZ</str>
                <str>yyyy-MM-dd HH:mm:ss</str>
                <str>yyyy-MM-dd HH:mmZ</str>
                <str>yyyy-MM-dd HH:mm</str>
                <str>yyyy-MM-dd</str>
            </arr>
        </processor>
        <processor class="solr.AddSchemaFieldsUpdateProcessorFactory">
            <str name="defaultFieldType">strings</str>
            <lst name="typeMapping">
                <str name="valueClass">java.lang.Boolean</str>
                <str name="fieldType">booleans</str>
            </lst>
            <lst name="typeMapping">
                <str name="valueClass">java.util.Date</str>
                <str name="fieldType">tdates</str>
            </lst>
            <lst name="typeMapping">
                <str name="valueClass">java.lang.Long</str>
                <str name="valueClass">java.lang.Integer</str>
                <str name="fieldType">tlongs</str>
            </lst>
            <lst name="typeMapping">
                <str name="valueClass">java.lang.Number</str>
                <str name="fieldType">tdoubles</str>
            </lst>
        </processor>
        <processor class="solr.LogUpdateProcessorFactory"/>
        <processor class="solr.DistributedUpdateProcessorFactory"/>
        <processor class="solr.RunUpdateProcessorFactory"/>
    </updateRequestProcessorChain>


    <queryResponseWriter name="json" class="solr.JSONResponseWriter">
        <!-- For the purposes of the tutorial, JSON responses are written as
         plain text so that they are easy to read in *any* browser.
         If you expect a MIME type of "application/json" just remove this override.
        -->
        <str name="content-type">text/plain; charset=UTF-8</str>
    </queryResponseWriter>

    <!--
       Custom response writers can be declared as needed...
      -->
    <queryResponseWriter name="velocity" class="solr.VelocityResponseWriter" startup="lazy">
        <str name="template.base.dir">${velocity.template.base.dir:}</str>
        <str name="solr.resource.loader.enabled">${velocity.solr.resource.loader.enabled:true}</str>
        <str name="params.resource.loader.enabled">${velocity.params.resource.loader.enabled:false}</str>
    </queryResponseWriter>

    <!-- XSLT response writer transforms the XML output by any xslt file found
         in Solr's conf/xslt directory.  Changes to xslt files are checked for
         every xsltCacheLifetimeSeconds.
      -->
    <queryResponseWriter name="xslt" class="solr.XSLTResponseWriter">
        <int name="xsltCacheLifetimeSeconds">5</int>
    </queryResponseWriter>

</config>
